aa_seq,WT_name,cluster_representative,uniref50_homolog_count,split
DEVTIHLGDKTIRVDGLDKELLEILKELARRGADEEELRKEIERWER,EA|run2_0325_0005.pdb,EA|run2_0325_0005.pdb,0.0,train
KVTIVVENIKVFGEDGKLTDEARRLLEKALEEAKRFPGKEVEIVLLP,r10_490_TrROS_Hall.pdb,r10_490_TrROS_Hall.pdb,0.0,test
TVKFKYKGEEKQVDISKIKKVWRVGKMISFTYDEGGGKTGRGAVSEKDAPKELLQ,1JIC.pdb,1JIC.pdb,18.0,test
KDPKFEAAYDFPGSGSSSELPLKKGDIVFISRDEPSGWSLAKLLDGSKEGWVPTAYMTPYK,2BTT.pdb,2BTT.pdb,182.0,train
NKFNKELGWATWEIFNLPNLNGVQVKAFIDSLRDDPSQSANLLAEAKKLNDAQA,2B88.pdb,v2_2M5A.pdb,42.0,test
QKEELKEKAKEAVKRGNKDKARELLKRAGISEEEAKKIIKKIE,HHH_rd1_0473.pdb,HHH_rd1_0473.pdb,0.0,train
TLDMDAVLSDFVRSTGAEPGLARDLLEGKNWDLTAALSDYEQ,2L2D.pdb,2L2D.pdb,71.0,train
SDFTIRIGDRTLHLKNVSEEILKILEELLRRGIDFEELRKIVEELIK,XX|run10_1081_0004.pdb,XX|run10_1081_0004.pdb,0.0,test
MQIFVKTLTGKTITLEVEPSDTIENVKAKIQDKEGIPPDQQRLIFAGKQLEDGRTLSDYNIQKESTSHLVLR,1UBQ.pdb_L67S,1UBQ.pdb_L67S,1000.0,train
GTLHLNGVTVKVPSLEKAIKAAKKFAKKYNLEVQVHGNTVHVH,EEHEE_rd3_1498.pdb,EEHEE_rd3_1498.pdb,0.0,train
QTIHNGDQTYHYDNPEEAIKVAQKLAKIYNLTVTVKGNTVQVH,EEHEE_rd3_1587.pdb,EEHEE_rd3_1498.pdb,0.0,train
GIPATNLSRVAGLEKQLAIELKVKQGAENMIQTYSNGSTKDRKLLLTAQQMLQDSKTKIDIIRMQLRRALQ,1URF.pdb,1URF.pdb,263.0,train
MQIFVKTLTGKTITLEVEPSDTIENVKAKIQDKEGIPPDQQRSIFAGKQLEDGRTLSDYNIQKESTLHLVLR,1UBQ.pdb_L43A,1UBQ.pdb_L67S,1000.0,train
QNEKLANELKSLLDELNVNELATGSLNTYYKRTIKISGQKAMYALKSKDFKKMSEAKYQLQKIYNEIDEA,2QFF.pdb,2QFF.pdb,9.0,train
TTVEFNGLQFHFDNPEQMVKFALKVAKKLNLQVEFHGDTVKIE,EEHEE_rd4_0005.pdb,EEHEE_rd4_0005.pdb,0.0,train
GHYRIRINGREFEIRGISEEEIRHLEEALRNGADEKILKEIVDRLRG,GG|run3_1315_0003.pdb,GG|run3_1315_0003.pdb,0.0,train
KELVLVLYDYQEKSPREVTVKKGDILTLLNSTNKDWWKVEVDDSQGFIPAAYLKKL,1H8K.pdb_R44S,2KXD.pdb,998.0,train
GSMEQGFLPKGWEVRHAPNGRPFFIDHNTKTTTWEDPRLKIPA,5AHT.pdb,5AHT.pdb,1000.0,test
MTTFKLIINGKTLKGEITIEAVDAAEAEKIFKQYANDNGIDGEWTYDDATKTDTVTE,1GB4.pdb_F53D,1PGX.pdb_A27S,36.0,train
GATAVSEWTEYKTADGKTYYYNNRTLESTWEKPQELK,1E0L.pdb,1E0L.pdb,685.0,train
HFTSQQLQELEATFQRNRYPDMSTREEIAVWTNLTEARVRVWFKNRRAKWR,2L7F.pdb,2L7M.pdb,1000.0,train
EIHIRTNGEEQARKVYKMLAKRNYDVKIEQHNGQWVVTAS,EHEE_rd4_0086.pdb,EHEE_rd4_0086.pdb,0.0,test
DETGKFLVLSLYDYQEKSPREVTMKKGDILTLLNSTNKDWWKVEVNGRQGFVPAAYVKFL,5FWB.pdb_A10S,2KXD.pdb,1000.0,train
EVHFESHGEEQAMRVVKMLKKRNLTVEVKVENNKWIITAK,EHEE_rd4_0172.pdb,EHEE_rd4_0086.pdb,0.0,test
VFVDDHLLEKVLELNAKGEKRLIKTWSRRSTIVPEMVGHTIAVYNGKQHVPVYITENMVGHKLGEFAP,1QKH.pdb,1QKH.pdb,846.0,train
MLSDEDFKAVFGMTRSAFANLPLWKQQNLKKEKGLF,1VII.pdb,1YU5.pdb,496.0,test
GAPPLPPYSAGGREVTMKKGDILTLLNSTNKDWWKVEVNDRQGFVPAAYVKKLDSGTGKELVLALYDYQEK,2KXD.pdb,2KXD.pdb,640.0,train
EQLARLKREFNENRYLTERRRQQLSSELGLNEAQIKIWFQNERA,6FVC.pdb,2JWT.pdb,1000.0,train
MKVMIRKTATGHSAYVAKKDLEELIVEMENPALWGGKVTLANGWQLELPAMAADTPLPITVEARKL,2JN4.pdb,2JN4.pdb,29.0,test
NKASVVANQLIPINTALTLIMMKAEVVTPMGIPAEEIPKLVGMQVNRAVPLGTTLMPDKVKNYE,1UCS.pdb_M59K,2LX2.pdb_I32A,6.0,train
TFVEFNGKKVEYPTPEAAEKAAKKLAKKLNLKVTKKNGNYKLE,EEHEE_rd3_1367.pdb,EEHEE_rd3_1367.pdb,0.0,train
MTTFKLIINGKTLKGEITIEAVDAAEKEKIFKQYANDNGIDGEWTYDDATKTFTVTE,1GB4.pdb_A27K,1PGX.pdb_A27S,38.0,train
VTVDIKGMEYHFDNPEEAKKFAERMAKELGGELKVENGTLKVE,EEHEE_rd4_0363.pdb,EEHEE_rd3_1498.pdb,1.0,train
PTLFAAISHKVAENDMLLINADYQQLRDKKMTRAEFVRKLRVIVGDDLLRSTITTLQ,5OAO.pdb,5OAO.pdb,139.0,train
HHGSGALAALHADGPHAGLPVTRSDARVLIFNDWEERKRSEPWLRLDMSDKAIFRRYPHLR,2MCK.pdb,2MCH.pdb,3.0,train
SHFELRVGTITLHFDNISEELAEELEKLAKNGVHADEIRRWWEEWLK,EA|run3_0525_0006.pdb,EA|run2_0325_0005.pdb,0.0,train
LQAFIKTLTGKTFTVEMEPSDTIENLKAKIQDKEGIPPDQQRLIFAGKQLEDGRTLSDYNIQKESTLHLVL,1SIF.pdb_L3A,1UBQ.pdb_L67S,1000.0,train
MAMNGTITTWFKDKGFGFIKDENGDNRYFHVIKVANPDLIKKDAAVTFEPTTNNKGLSAYAVKVVPL,2K5N.pdb,2K5N.pdb,93.0,train
EDYYQILGVPRNASQKEIKKAYYQLAKKYHPDTNKDDPKAKEKFSQLAEAYEVLSDEVKRKQYDA,6IWS.pdb,6IWS.pdb,1000.0,train
DEVRLHVNGHTIEFRGIDEEIFKILEEAAKRGADEEELRRLAEKLLR,GG|run6_1310_0004.pdb,EA|run2_0325_0005.pdb,0.0,train
LQLFIKTLTGKTSTVEMEPSDTIENLKAKIQDKEGIPPDQQRLIFAGKQLEDGRTLSDYNIQKESTLHLVL,1SIF.pdb_F13S,1UBQ.pdb_L67S,1000.0,train
HHHHHGSGALAALHAEGPLAGLPVTRSDARVLIFNEWEERKKSDPWLRLDMSDKAIFRRYPHLR,2MCH.pdb,2MCH.pdb,3.0,train
SSGGSSILDRAVIEHNLLSASKLYNNITFEELGALLEIPAAKAEKIASQMITEGRMNGFIDQIDGIVHFETR,1UFM.pdb,1UFM.pdb,352.0,test
KELVLVLYDYQEKSPREVTVKKGDILTLLNSTNKDAWKVEVDDRQGFIPAAYLKKL,1H8K.pdb_W36A,2KXD.pdb,487.0,train
GSKLPPGWEKRMSRSSGRVYYFNHITNASQWERPSG,2KCF.pdb,2M8J.pdb,496.0,test
TFVALYDYESRTETDLSFKKGERLQIVNNTEGDWWLAHSLTTGQTGYIPSNYVAP,1SRM.pdb,5ECA.pdb_W37A,989.0,train
MKVIFLKDVKGKGKKGEIKNVADGYANNFLFKQGLAIEATPANLKALE,2HBB.pdb,2HBB.pdb,1000.0,train
MATADDFKLIRDIHSTGGRRQVFGSREQKPFEDLVDLGWLKRSSVDSRATHYQITERGTSAAL,2JTV.pdb,2JTV.pdb,9.0,test
TFYNFIMGFQNDNTPFGILAEHVSEDKAFPRLEERHQVIRAYVMSNYTDHQLIETTNRAISLYMANL,2KVS.pdb,2KVS.pdb,18.0,train
KNAAKIVNEALNQGITLFVSDNKLKYKTNRDSIPSELLEEWKQHKQELIDFLTQLES,6EWT.pdb,6EWT.pdb,24.0,train
TTVKVNGTKYKFDTPEEAQKFAKKAADKYNLKVVVDGDDLRVE,EEHEE_rd3_1810.pdb,EEHEE_rd4_0005.pdb,0.0,train
PREAYIVTIEKGKPGQTVTWYQLRADHPKPDSLISEHPTAQEAMDAKKRYED,2KVT.pdb,2KVT.pdb,14.0,train
TYTWNTKEEAKQAFKELLKEKRVPSNASWEQAMKMIINDPRYSALAKLSEKKQAFNAYKVQTE,1UZC.pdb,1UZC.pdb,392.0,train
MQIFVKTLTGKTITSEVEPSDTIENVKAKIQDKEGIPPDQQRLIFAGKQLEDGRTLSDYNIQKESTLHLVLR,1UBQ.pdb_L15S,1UBQ.pdb_L67S,1000.0,train
MLTKHGKNPVMELNEKRRGLKYELISETGGSHDKRFVMEVEVDGQKFQGAGSNKKVAKAYAALAALEKLFP,2L33.pdb,2L33.pdb,400.0,test
TEVHLGDIKLKYPNPEQAKKAAEKLAQKYNLTWTVIGDYVKIE,EEHEE_rd3_1716.pdb,EEHEE_rd3_1498.pdb,0.0,train
MQAFVKTLTGKTITLEVEPSDTIENVKAKIQDKEGIPPDQQRLIFAGKQLEDGRTLSDYNIQKESTLHLVLR,1UBQ.pdb_I3A,1UBQ.pdb_L67S,1000.0,train
GLEHMADEEKLPPGWEKRMERSSGRVYYFNHITNASQWERPSG,2M8J.pdb,2M8J.pdb,461.0,test
KKVTINGVEIKFNNPEEAVKFALELAKRLNLRIEFHGDQIKIE,EEHEE_rd4_0003.pdb,EEHEE_rd4_0005.pdb,0.0,train
MDETGKELVLALYDYQEKSPREVTMKKGDILTLLNSTNKDSWKVEVKITVNGKTYERQGFVPAAYVKKL,2ROT.pdb_W41S,2KXD.pdb,184.0,train
DVEEQIRRLEEVLKKNQPVTWNGTTYTDPNEIKKVIEELRK,5UYO.pdb,HEEH_rd4_0097.pdb,1.0,train
TEDEKKIQELLKRANGDVSKAEKLAQSQGNEELARRLREYANK,HHH_rd1_0335.pdb,HHH_rd1_0335.pdb,0.0,test
NNDALSPAIRRLLAEWNLDASAIKGTGVGGRLTREDVEKHLAKA,2WXC.pdb,2WXC.pdb,349.0,test
ELVLALYDYQEKSPREVTMKKGDILTLLNSTNKDWWKVEVNDRQGFVPASYVKKLD,2CDT.pdb,2KXD.pdb,998.0,train
SDEEKKVRDQAKRLGVNTEQLLKWARRQGDEDLVRIVERLLRS,HHH_rd4_0816.pdb,HHH_rd4_0816.pdb,0.0,train
NKEHILAQKEVLTPIEYEHYVKHLFDIGEITKELYIELSS,6OBK.pdb,6OBK.pdb,1.0,train
GATAVSEWTERKTADGKTYYYNNRTLESTWEKPQELK,2MW9.pdb,1E0L.pdb,518.0,train
NSLAEAKVLANRELDKYGVSDYYKNLINNAKTVEGVKALIDEILA,1GJS.pdb,2MH8.pdb,24.0,train
TEDARKEAKKIIDNGGSPDEAAKFIKKYGLSEDQARELVKRAL,HHH_rd1_0598.pdb,HHH_rd1_0598.pdb,0.0,train
SEEAEKRARELYKRGVSKEQIKEVLKRLGVDPKEVEEIVRRIK,HHH_rd4_0395.pdb,HHH_rd4_0124.pdb,0.0,test
PDFTLHWNGITIHFKGIDEEQFRHLRELLDRGVSLEELEELAKELIK,XX|run1_0254_0003.pdb,GG|run3_1315_0003.pdb,0.0,train
RKWEEIAERLREEFNINPEEAREAVEKAGGNEEEARRIVKKRL,HHH_rd1_0142.pdb,HHH_rd1_0142.pdb,0.0,test
QTVVIGDTTYHLNNPEAAQQIAKELAKKYGLKVVISGNTIKLK,EEHEE_rd3_0146.pdb,EEHEE_rd3_1498.pdb,0.0,train
GKELVLALYDYQEKSPREVTMKKGDILTLLNSTNKDWWKVEVNDRQGFVPAAYVKKL,1PWT.pdb,2KXD.pdb,998.0,train
GPGLTDLFKTEKAAVKKMAKAIMADPSKADDVYQKWADKGYTLTQLSDFLKSKTRGKYDRVYNGYMTYR,3ZGK.pdb,3ZGK.pdb,19.0,test
AVESIEKKRIRKGRVEYLVKWRGWSPKYNTWEPEENILDPRLLIAFQNRE,2K28.pdb,2M2L.pdb,994.0,test
DVEPGKFYKGVVTRIEKYGAFINLNEQVRGLLRPRDMISLRAENLNVGDEIIVQAIDVRPEKREIDFKYIP,2K52.pdb_L42A,2K52.pdb_L42A,102.0,train
KLPPGWEKRMFRSNGTVYYFNHITNASQFERPSG,2M9I.pdb,2M8J.pdb,131.0,test
MDETGKELVLALYDYQEKSPREVTMKKGDILTLLNSTNKDWWKVEVKITVNGKTYERQGAVPAAYVKKL,2ROT.pdb_F60A,2KXD.pdb,564.0,train
NEEPLPEGWEIRYTREGVRYFVDHNTRTTTFKDPRNGKS,2OP7.pdb,5AHT.pdb,1000.0,test
AEEIWQQSVIGDYLARFKNDRVKALKAMEMTWNNMEKKEKLMWIKKAAED,v2_2HDZ.pdb,v2_2HDZ.pdb,41.0,train
DRFEIHVGDIRLELEGVHEEIARIVEEALRNGASEEEARELLKKLLR,EA|run7_1025_0001.pdb,EA|run7_1025_0001.pdb,0.0,train
MKVIFLKDVKGKGKKGEIKNVADGYARNFLFKQGLAIEATPANLKELE,2HBB.pdb_pross6,2HBB.pdb,1000.0,train
QLNAMAHQIQEMFPQVPYHLVLQDLQLTRSVEITTDNILEGRIQVP,2LVN.pdb,4G3O.pdb,184.0,train
MKVIFLKDVKGKGKKGEIKNVADGYARNFLFKQGLAIEATPANLKALE,2HBB.pdb_pross4,2HBB.pdb,1000.0,train
AVSDRLIGRKSVVMEAISPQNSGLVKVDGETWRATSGTVLDVGEEVSVKAIEGVKLVVEKLE,2K5H.pdb_G11S,2K5H.pdb_G11S,193.0,test
SQVHIGNTTFTFDNPEKAQKYAEKYAKKKGLTVQKNGDVWTVE,EEHEE_rd3_0094.pdb,EEHEE_rd4_0005.pdb,0.0,train
DEFHFHWNGRDIRVRGDSEELRRLIEAIKRGELSEEEIERAIEILER,XX|run1_0367_0004.pdb,XX|run1_0367_0004.pdb,0.0,train
TKIIVNGKTFTAPTEEEAQKIAEKLAKKAGLTVHKKNGTFELK,EEHEE_rd3_0130.pdb,EEHEE_rd3_0130.pdb,0.0,test
EVTIKANLIFANGSTQTAEFKGTFEKATSEAYAYADTSKKDNGEYTVDVADKGYTLNIKFAG,2PTL.pdb_L38S,2PTL.pdb_L38S,12.0,test
DNLVIALHSYEPSHDGDLGFEKGEQLRILEQSGEWWKAQSLTTGQEGFIPFNFVAKA,1H92.pdb,2KXD.pdb,701.0,train
VSVELPAPSSWKKLFYPNKVGSVKKTEVVFVAPTGEEISNRKQLEQYLKSHPGNPAIAEFDWTTSG,6ACV.pdb,6ACV.pdb,373.0,train
TEEFVRLWREAVRHNQTLHWNGTDFIPGDEWAEEFARREEEKL,HEEH_KT_rd6_0793.pdb,HEEH_KT_rd6_0793.pdb,0.0,train
GGHPVTTQMVETVQNLAPNLHPEQIRYSLENTGSVEETVERYLRGDEFSFPP,2MYX.pdb,2MYX.pdb,57.0,train
RGFLEKAAVKKMAKAIMADPNKADEVYKKWADKGYTLTQMSNFLKSKTAGKYDRVYNGYVIHLD,2LC2.pdb,3ZGK.pdb,25.0,test
LTDEELVTMSVRELNQHLRGLSKEEIIQLKQRRRTLKNRGY,1K1V.pdb,1K1V.pdb,500.0,train
EAHAAIDTFTKYLDIDEDFATVLVEEGFSTLEELAYVPMKELLEIEGLDEPTVEALRERAKNALATIAQ,1WCL.pdb,1WCL.pdb,110.0,train
TTYKLILNGKTLKGETTTEAVDAETAERVFKEYAKKNGVDGEWTYDDATKTFTSTE,1EM7.pdb_V54S,1PGX.pdb_A27S,35.0,train
NNDALSPAIRRLLAEHNLDASAIKGTGVGGRLTREDVEKHLAKA,1W4H.pdb,2WXC.pdb,544.0,test
DEYTFRVNGVDIKVSNISEEVIETIKELIRRGADVEEVKKFIEEVER,GG|run5_0637_0006.pdb,XX|run10_1081_0004.pdb,0.0,test
DEDSERELEKLRKNNASKEEIKEVLKRLGFSEDEAKKLAEKAG,HHH_rd1_0516.pdb,HHH_rd1_0598.pdb,0.0,train
KFNKELSVAGREIVTLPNLNDPQKKAFIFSLWDDPSQSANLLAEAKKLNDAQAPK,1LP1.pdb,v2_2M5A.pdb,42.0,test
RTAFSSEQLARLKREFNENRYLTERRRQQLSSELGLNEAQIKIWFQNKRA,2JWT.pdb,2JWT.pdb,1000.0,train
DVEPGKFYKGVVTRIEKYGASINLNEQVRGLLRPRDMISLRLENLNVGDEIIVQAIDVRPEKREIDFKYIP,2K52.pdb_F21S,2K52.pdb_L42A,52.0,train
TTVKLGDIKVTFDNPEKAKKYAQKLAKIYQLTVHVHGDTIHVK,EEHEE_rd3_1049.pdb,EEHEE_rd4_0005.pdb,0.0,train
DENEERIRAFALYKGIDPEKARELWERGEINKDDEEKAWREYK,HHH_rd1_0578.pdb,HHH_rd1_0578.pdb,0.0,train
KITVTFNGEEKARRYYKKMQKHNLKVEIRVENNQWVVHVE,EHEE_rd4_0195.pdb,EHEE_rd4_0086.pdb,0.0,test
TLFEALYDYEARTEDDLSFHKGEKFQILNSSEGDWWEARSLTTGETGYIPSIYLAPV,3CQT.pdb,5ECA.pdb_W37A,960.0,train
KLPPGWEKRMFANGTVYYFNHITNASQFERPS,2M9E.pdb,2M8J.pdb,311.0,test
RDEDEKEKIKEALKRGNEDKAKEIAKRANVSPEEYERLRKEAE,HHH_rd1_0493.pdb,HHH_rd1_0473.pdb,0.0,train
KEQQNAFYEILHLPNLTEEQRNGFIQSLKDDPSVSKEILAEAKKLNDAQA,6SOW.pdb,v2_2M5A.pdb,57.0,test
TTIEWNGTKITVDNPQKAKELAKKIAKKLGLTVKVHGNTITIE,EEHEE_rd3_0602.pdb,EEHEE_rd4_0005.pdb,0.0,train
SEHYTFDGEEQAIRFMRDMEAKNLKYELQIHNGKYIIQVD,EHEE_rd4_0463.pdb,EHEE_rd4_0463.pdb,0.0,train
EEEEKKKEEIARLLGVSKEDVERILKKNNLDIEQLLRRVQREN,HHH_rd4_0870.pdb,HHH_rd4_0870.pdb,0.0,test
WVPTKREEKYGVAFYNYDARGADELSLQIGDTVHILETYEGWYRGYTLRKKSKKGIFPASYIHLKE,2M0Y.pdb,2O2W.pdb,842.0,train
NNDALSPAIRRLLAEHNLDASAIKGTGVGGRLTREDVEKWLAKA,2BTH.pdb,2WXC.pdb,500.0,test
RLHIEVEGTELMKKLVEEAKRRNLNVRAKVENGKWIIEID,EHEE_rd4_0325.pdb,EHEE_rd4_0325.pdb,0.0,test
VRHDERVKSANDAISKLNEKDSIENRRLAQREVNKAPMDVKEHLQKQLDALVAQKD,2JVG.pdb,2JVG.pdb,15.0,train
TTYKLIANGKTLKGETTTEAVDAETAERVFKEYAKKNGVDGEWTYDDATKTFTVTE,1EM7.pdb_L7A,1PGX.pdb_A27S,35.0,train
KLPPGWEKRMFANGTVYYFNHITNASQFERPSG,2M9F.pdb,2M8J.pdb,324.0,test
NLRWTSEAKTKLKNIPFFARSQAKARIEQLARQAEQDIVTPELVEQARLEFG,2L09.pdb,2KRU.pdb,25.0,test
DVEEQIRRLEEVLKKNQPVTWNGTTYTDPNEIKKVIEELRKSM,HEEH_rd4_0097.pdb,HEEH_rd4_0097.pdb,1.0,train
QVNIAPGSLDKALNQYAAHSGFTLSVDASLTRGKQSNGLHGDYDVESGLQQLLDGSGLQVKPLGNNSWTLEP,2D1U.pdb,2D1U.pdb,858.0,test
DAPDEFRDPLMDTLMTDPVRLPSGTIMDRSIILRHLLNSPTDPFNRQTLTESMLEPVPELKEQIQAWMR,3L1X.pdb,3L1X.pdb,772.0,test
MKVIFLKDVKGKGKKGEIKNVPDGYARNFLFKKGLAIEATPANLKELE,2HBB.pdb_pross7,2HBB.pdb,1000.0,train
SEEEIREAFRVFDKDGNGYISAADLRHVMTNLGEKLTDEEVDEMIREADIDGDGQVNYEDFVQMMTA,2RRT.pdb,2AMI.pdb,1000.0,test
MIINNLKLIREKKKISQSELAALLEVSRQTINGIEKNKYNPSLQLALKIAYYLNTPLEDIFQ,2LYR.pdb,2LYP.pdb_P41A,715.0,test
KELVLALYDYQEKSPREVTMKKGDILTLLNSTNKDWWKVEVADRQGFVPAAYVKKL,1QKX.pdb,2KXD.pdb,998.0,train
TFELKGKVGKVVKIAEDHYLVEVEGDKWIAYSDEKLSLGDRVMVVDVDGLKLKVKRIP,2EXD.pdb,2EXD.pdb,43.0,train
TKAQVIEAFKVFDRDGNGYVTVDYLRKVLNELGDMMPADEIEEMIYEADPQNSGYVQYETFVGMLFL,2M8U.pdb,2AMI.pdb,1000.0,test
KEFRPGDKVVLPPYGVGVVAGIAQRSVSGVSRAYYQVDFPGSRSKAYVPVEAPHSVGLRKAL,2LQK.pdb,2LQK.pdb,178.0,test
TYTYKLTDEEASRRAEDEWRNRGYDVRVRNNNGTWEVEVR,EHEE_rd2_0601.pdb,EHEE_rd2_0601.pdb,0.0,train
MQYKLVINGKTLKGETTTKAVDAETAEKAFKQYANDNGVDGVWTYDDATKTFTVTE,2LUM.pdb,1PGX.pdb_A27S,37.0,train
TETRTFTDEREARRFEQEARDNGKDVQVRESNGKFEVRVK,EHEE_rd2_0152.pdb,EHEE_rd2_0601.pdb,0.0,train
SQSVVATQLIPMNTALTPAMMEGKVTNPIGIPFAEMSQLVGKQANTPVAKGQTLMPNMVKTYA,1OPS.pdb_V44A,2LX2.pdb_I32A,6.0,train
LDITFHVDGKNIHVHGASEEVVRIIEELIKNNARAEEIKETLERLLR,GG|run5_1147_0004.pdb,XX|run1_0367_0004.pdb,0.0,train
SDYEVNVNGIHHRFHNISEELIKFIEEALRRGEDLREIIKKVRELLG,GG|run6_0775_0006.pdb,XX|run10_1081_0004.pdb,0.0,test
SQSVVATQLIPMNTALTPAMMEGKVTNPIGIPFAEMSQLVGKQVNTPVAKGQSLMPNMVKTYA,1OPS.pdb_T53S,2LX2.pdb_I32A,8.0,train
TETYETTDETEARKIAEELKRRGLTFRIERHGTTIRIESD,EHEE_rd2_0751.pdb,EHEE_rd2_0751.pdb,0.0,train
HMTFVALYDYVASGETDLSFKKGERLQIVNNTEGDWALAHSLTTGRTGYIPSNYVAPSD,5ECA.pdb_W37A,5ECA.pdb_W37A,939.0,train
GSVVKEKKEKALIEVRPYVEYYNELKALVSKISSSVNDLEEAIVVLREEEKKASEPFKTDIRILLDFLES,6NS8.pdb_L8K,6NS8.pdb_L8K,5.0,train
FHVTIHVGDITFHIHGVSEEEVKKLEELVRRGADWREIKKTIEEIEK,EA|run3_1140_0005.pdb,EA|run2_0325_0005.pdb,0.0,train
VLKALERTRQLDIPDEKTMPVLMKLLEEAGGNWSYIKLDNYTALVDAIYSVED,v2_2LXE.pdb,v2_2LXE.pdb,72.0,test
TERYETTDPREAERIKRELKKRGKKVEVREKNGKFEITSK,EHEE_rd1_0459.pdb,EHEE_rd1_0459.pdb,0.0,train
MTYKLILNGKTLKGETTTEAVDAATAEKVFKQYANDNGSDGEWTYDDATKTFTVTE,1PGA.pdb_V39S,1PGX.pdb_A27S,36.0,train
ATVHVQGVQIDFDNPEKAVKYAQRVAKELGLEIRFHGDTIRVE,EEHEE_rd4_0308.pdb,EEHEE_rd4_0005.pdb,0.0,train
HSHMSHTQVIELERKFSHQKYLSAPERAHLAKNLKLTETQVKIWFQNRRYKTKRKQLSSEL,2L9R.pdb,2JWT.pdb,1000.0,train
GSPGLPSGWEERKDAKGRTYYVNHNNRTTTWTRPIM,1WR4.pdb,5AHT.pdb,1000.0,test
EEKRQVKQVAKEKLLEQSPNSKVQVRRVQKQGNTIRVELELRTNGKKENYTVEVERQGNTWTVKRITRT,5KPH.pdb,5KPH.pdb,1.0,train
QTQEFDNEEEARKAEKELRKENRRVTVTQENGRWRVTWD,5UP5.pdb,EHEE_rd2_0196.pdb,0.0,train
DLVTIKVPLENLEEIKKAAEKAGFKIVSISYDKENKEVTIVIEKKK,r4_43_TrROS_Hall.pdb,r4_43_TrROS_Hall.pdb,0.0,train
KMIKVKVIGRNIEKEIEWREGMKVRDILRAVGFNTESAIAKVNGKVVLEDDEVKDGDFKEVIPVV,1SF0.pdb_V59K,1SF0.pdb_V59K,11.0,train
TLFEALYDYEARTEDDLSFHKGEKFQILNSSEGDWWEVRSLTTGETGYIPSPYLA,2L2P.pdb,5ECA.pdb_W37A,974.0,train
PKDQAKKEIEKALRNGDEEKAKRLAKKYGISDDDWKELKKRVS,HHH_rd2_0181.pdb,HHH_rd1_0598.pdb,0.0,train
IEEVKKIVSEIQSKQLTRITINGNTYQVNSPEELVEYVRKVFS,HEEH_rd4_0094.pdb,HEEH_rd4_0094.pdb,0.0,train
KELVLVLYDYQEKSPREVTVKKGDILTLLNSTNKDWWKVEVDDRQGFIPAAYLKKL,1H8K.pdb,2KXD.pdb,998.0,train
HSLRVHINGKDFEVHNADEHVIRALEELIRRGADADELKEFLERWKG,GG|run5_1309_0004.pdb,GG|run3_1315_0003.pdb,0.0,train
HERALMVNRLQKLTRMLRVHPDPKWKQEQQELIKRLK,6YSE.pdb,6YSE.pdb,1.0,train
EEWMVEKALMVRTGLGARQIESYRQGAWIEGVHFKRVSPSGESTLRGTTWYNYPEINKFIR,v2K43S_2KVV.pdb,v2K43S_2KVV.pdb,28.0,train
STVKVRLGHLEVTLHNVSEEDVRELRELWKNGADEEDLRRWLEEWKK,EA|run6_1429_0006.pdb,EA|run2_0325_0005.pdb,0.0,train
TETRTFDSEEEAKKAQKEAEKQGRTVTITRRDDRWEVRFD,EHEE_rd2_0196.pdb,EHEE_rd2_0196.pdb,0.0,train
MTYKLILNGKTLKGETTTEAVDAATAEKVFKQYANDNGVDGEWTYDDATKAFTVTE,1PGA.pdb_T51A,1PGX.pdb_A27S,36.0,train
GTEIELESKNGQREHYTATSEDEARKIIEKAVRRGIKRIELRGASEQLIRDMQEIAKQIGLQYRTDGSL,7BPM.pdb,7BPM.pdb,1.0,train
ETEYTFDDKREADRAAKEAQNNGLRVHVTKDGNRWKVRID,EHEE_rd2_0372.pdb,EHEE_rd2_0372.pdb,0.0,train
GESVVATQLIPINTALTPTMMEGKVTNPSGIPFAEMSQIVGKQVNTPVAKGQSLMPGMVKTYV,5XR0.pdb_T53S,2LX2.pdb_I32A,8.0,train
IDAAQIVDEALEQGITLFVVNNRLQYETSRDSIPTELLNKWKQHKQELIDFLNQLD,6EWU.pdb,6EWT.pdb,23.0,train
LGPKYVGLWDFKSRTDEELSFRAGDVFHVARKEEQWWWATLLDEAGGAVAQGYVPHNYLAERE,2KGT.pdb,2KGT.pdb,509.0,train
MTYKAILNGKTLKGETTTEAVDAATAEKVFKQYANDNGVDGEWTYDDATKTFTVTE,1PGA.pdb_L5A,1PGX.pdb_A27S,36.0,train
TETYKYDDKREAEKAAEEFRRRGITVTVEERNGTWVLESK,EHEE_rd2_0487.pdb,EHEE_rd2_0751.pdb,0.0,train
NRRVIAMPSVRKWAREKGVDIRLVQGTGKNGRVLKEDIDAFLAG,1W4G.pdb,1W4G.pdb,777.0,train
DLRKKIVDLHKSGSSLGAISKRLKVPRSSVQTIVRKYK,2M8E.pdb,2M8E.pdb,53.0,train
HMTFVALYDYVASGETDLSFKKGERLQIVNNTEGDWWLAHSLTTGRTGYISSNYVAPSD,5ECA.pdb_P51S,5ECA.pdb_W37A,956.0,train
MTYKLISNGKTLKGETTTEAVDAATAEKVFKQYANDNGVDGEWTYDDATKTFTVTE,1PGA.pdb_L7S,1PGX.pdb_A27S,36.0,train
LNLKQAKEEAIKELVDAGIAEKYIKLIANAKTVEGVWTLKDEILTFTV,2JWS.pdb,2MH8.pdb,22.0,train
TTEYTFTDDEEARRAIEELKKRGLTFRYEKHGTTWRVRVD,EHEE_rd2_0191.pdb,EHEE_rd2_0751.pdb,0.0,train
KNAAQIVDEALNQGITLFVADNRLQYETSRDNIPEELLNEWKYYRQDLIDFLQQLD,6EWS.pdb,6EWT.pdb,19.0,train
DHWHVHIDGERIRLDGASEEFIRTLEELIRRGTDARELKEIIKEYLR,GG|run2_0085_0001.pdb,XX|run10_1081_0004.pdb,0.0,test
KTVHVNGVQYDFDNPEQAERFAKEMAKKAGLQIQFHGDQIKIE,EEHEE_rd4_0481.pdb,EEHEE_rd4_0005.pdb,0.0,train
VKKMAKAIMADPNKADEVYKKWADKGYTLTQMSNFLKSKTAGKYDRVYNGYVIHLD,v2_2LC2.pdb,3ZGK.pdb,23.0,test
SIVTKIISIVQERQNMDDGAPVKTRDIADAAGLSIYQVRLYLEQLHDVGVLEKVNAGKGVPGLWRLL,2JT1.pdb,2JT1.pdb,21.0,test
SQSVVATQLIPMNTALTPAMMEGKVTNPIGIPFAEMSQLVGKQVNTPVAKGQTLMPNMVKTYA,1OPS.pdb,2LX2.pdb_I32A,7.0,train
NLKQAKEEAIKELVDAGTAEKYFKLIANAKTVEGVWTLKDEIKTFT,2LHC.pdb,2MH8.pdb,36.0,train
TGEEYIAVGDFTAQQVGDLTFKKGEILLAIEKKPDGWWIAKDAKGNEGLVPRTYLEPYS,1S1N.pdb_V29A,1S1N.pdb_V29A,893.0,test
NRLGIIYEIQGMKAVVLTSEGEFLIIRRRKDMKVGQQVSFENEDIYNV,v2_6IVS.pdb,v2_6IVS.pdb,12.0,train
TEHYTFHTEEQAQRAAKKFKKQGLPVTIHEKNGKFTLQVN,EHEE_rd3_0035.pdb,EHEE_rd4_0463.pdb,0.0,train
PMFEAAYDFPGSGSPSELPLKKGDVIYITREEPSGWSLGKLLDGSKEGWVPTAYMKP,1YP5.pdb,2BTT.pdb,216.0,train
MKGKVVSYLAAKKYGFIQGDDGESYFLHFSELLDKKDEGKLVKGSMVHFDPTPTPKGLAAKAISLPLE,2KCM.pdb,2KCM.pdb,131.0,test
NKFNKELQWATWEIFNLPNLNEEQVKAFIDSLRDDPSQSANLLAEAKKLNDAQA,2B88.pdb_pross1,v2_2M5A.pdb,42.0,test
RVIAMPSVRKYAREKGVDIRLVQGTGKNGRVLKEDIDAWLA,1W4F.pdb,1W4G.pdb,754.0,train
SADYSSLTVVQLKDLLTKRNLSVGGLKNEWVQRLIKDDEES,2WQG.pdb,4UZW.pdb,24.0,train
KRYRAVYDYSAADEDEVSFQDGDTIVNVQQIDDGWMYGTVERTGDTGMLPANYVEAI,3I35.pdb,3I35.pdb,1000.0,test
MISNAKIARINELAAKAKAGVITEEEKAEQQKLRQEYLK,2JVD.pdb,2JVD.pdb,7.0,train
DWREIAKLAEEALKKQQPVTVNGQTFNDPNEIKKLLETAQKAI,HEEH_rd4_0349.pdb,HEEH_rd4_0097.pdb,1.0,train
GKMTGIVKWFNADKGFGFITPDDGSKDVFVHFSAIQNDGYKSSDEGQKVSFTIESGAKGPAAGNVTSL,1MJC.pdb_L43S,2LSS.pdb_F17A,997.0,test
NGDKGYNGLAEAKEKAIKDLKIYGIGEHYIKLIEKAKQVAAVEDLKDEILKAHD,2MH8.pdb,2MH8.pdb,34.0,train
ITIHVNGVTYHFDNPEEAEKFAQKMAKTYQLKMEIHNGEFHME,EEHEE_rd4_0469.pdb,EEHEE_rd4_0005.pdb,1.0,train
RLIESLSQMLSMGFSDEGGWLTRLLQTKNYDIGAALDTIQ,2RRU.pdb,2RRU.pdb,166.0,test
GLEHMADEEKLPPGWEKRMSRSSGRVYYFNHITNASQWERPSG,2M8I.pdb,2M8J.pdb,475.0,test
MDTYKLILNGKTLKGETTTEAVDAATAEKVFKHYANEHGVHGHWTYDPETKTFTSTE,2ZW1.pdb_V55S,1PGX.pdb_A27S,35.0,train
QEEEKEIKRLAKKFNASEEEARRAWKKAGGDPETAEKILKKKG,HHH_rd1_0244.pdb,HHH_rd1_0142.pdb,0.0,test
TTLHFDLDGKKLQYTGVSEEIARLVEELKRRGVDLKEIVRILEELLK,GG|run1_1390_0006.pdb,XX|run10_1081_0004.pdb,0.0,test
VTVHVNRYTYHFDNPEEAEKFAREMAKRLNMTVEIHGNTLKVE,EEHEE_rd4_0371.pdb,EEHEE_rd4_0005.pdb,1.0,train
VPVEEGEVYDVTIQDIARQGDGIARIEGFVIFVPGTKVGDEVRIKSERVLPKFAFASVV,1YEZ.pdb_V46S,1YEZ.pdb_V46S,506.0,train
GKMTGIVKWFNADKGFAFITPDDGSKDVFVHFSAIQNDGYKSLDEGQKVSFTIESGAKGPAAGNVTSL,1MJC.pdb_G17A,2LSS.pdb_F17A,1000.0,test
VKVFRALYTFEPRTPDELYFEEGDIIYITDMSDTNWWKGTSKGRTGLIPSNYVAEQ,1ZLM.pdb,5ECA.pdb_W37A,999.0,train
NKFNKEMRNAYWEILLLPNLNEQQKRAFIRSLYDDPSQSANLLAEAKKLNDAQA,2KZI.pdb_pross1,v2_2M5A.pdb,42.0,test
TYTFKVDNKDQAKKAAKWAKKLGLSFQIEKHGDTFKITVQ,EHEE_rd3_0053.pdb,EHEE_rd2_0751.pdb,0.0,train
ITGDVSAANKDAIRKQMDAAASKGDVETYRKLKAKLKGIR,2GP8.pdb,2GP8.pdb,4.0,train
TFTSIVTTNPDFGGFEFYVEAGQQFDDSAYEEAYGVSVPSAVVEEMNAKAAQLKDGEWLNVSHE,6M3N.pdb,6M3N.pdb,5.0,train
VRQEELAAARAALHDLMTGKRVATVQKDGRRVEFTATSVSDLKKYIAELEVQTGM,2L6Q.pdb,2L6Q.pdb,23.0,test
EEERTFTNEEEARKAKKEAEKRGLRVTVTKDGTTWRVRIG,EHEE_rd2_1257.pdb,EHEE_rd2_0372.pdb,0.0,train
KFNKERVIAIGEIMRLPNLNSLQVVAFINSLRDDPSQSANLLAEAKKLNDAQAP,2B89.pdb,v2_2M5A.pdb,43.0,test
SQTQRTQDENEARRIAEEWKRRGYDVEVRNRNGHWEVTWD,EHEE_rd1_0407.pdb,EHEE_rd2_0751.pdb,0.0,train
VTTYKLVINGKTLKGETTTKAVDAETSEKAFKQYANDNGVDGVWTYDDATKTFTVTEMV,1PGX.pdb_A27S,1PGX.pdb_A27S,37.0,train
DRYEFNINGVHFTIDDAEEELIKLIEELLKRGARAEEIEEVIRRWER,GG|run6_0851_0003.pdb,XX|run10_1081_0004.pdb,0.0,test
TLFEALYDYEARTEDDLSFHKGEKFQILNSSEGDWWEVRSLTTGETGYIPSPYLAPV,2LP5.pdb,5ECA.pdb_W37A,982.0,train
ATPYPGDKVIITEGAFEGFQAIFTEPDGEARSMLLLNLINKEIKHSVKNTEFRKL,2LCL.pdb,2LCL.pdb,87.0,train
MRKLSDELLIESYFKATEMNLNRDFIELIENEIKRRSLGHIISV,1PV0.pdb,1PV0.pdb,85.0,train
MKVIFLQDVKGKGKKGEIKNVPDGYARNFLFKKGLAVEATPANLKELE,2HBB.pdb_pross9,2HBB.pdb,1000.0,train
MTFKLIINGKTLKGETTTEAVDAATAEKVFKQYFNDNGIDGEWTYDDATKTFTITE,5UBS.pdb,1PGX.pdb_A27S,37.0,train
ERTETYDDEEQARRAEEEARRKGKEVEVRRENDRWKVRIK,EHEE_rd2_1106.pdb,EHEE_rd2_1106.pdb,0.0,train
TGEEYIAVGDSTAQQVGDLTFKKGEILLVIEKKPDGWWIAKDAKGNEGLVPRTYLEPYS,1S1N.pdb_F11S,1S1N.pdb_V29A,804.0,test
KDKDLLKGLDQEQANEVIAVLQMHNIEANKIDSGKLGYSITVAEPDFTAAVYWIK,2MKY.pdb,2MKY.pdb,50.0,train
AVSDRLIGRKGVVMEAISPQNSGLVKVDGETWRATSGTVLDVGEEVSVKAIEGVKLVVEKLE,2K5H.pdb,2K5H.pdb_G11S,242.0,test
GIDPFTGEAIAKFNFNGDTQVEMSFRKGERITLLRQVDENWYEGRIPGTSRQGIFPITYVDVIKRPL,2O2W.pdb,2O2W.pdb,1000.0,train
RPMNAFMVWARIHRPALAKANPAANNAEISVQLGLEWNKLSEEQKKPYYDEAQKIKE,7JJK.pdb,7JJK.pdb,1000.0,train
MQVTWGNVTVTFSNPEEAKKYAEKVARKLGGQVELHNGQFRIK,EEHEE_rd4_0647.pdb,EEHEE_rd4_0005.pdb,1.0,train
DETGKELVLVLYDYQEKSPREVTIKKGDILTLLNSTNKDWWKIEVNDRQGFVPAAYLKKLD,1E6H.pdb,2KXD.pdb,998.0,train
TETREFDNEEEARKEAERLRRKGQDVQIRKKGNRWELRRT,EHEE_rd1_0101.pdb,EHEE_rd2_0196.pdb,0.0,train
TTVHVNGVTYHFPNPEEAKKFVDRVVKEAGLTVEVKGNQWDVE,EEHEE_rd4_0794.pdb,EEHEE_rd4_0005.pdb,1.0,train
VTTYKLVINGKTLKGETTTKAVDAETAEKAFKQYANDNGVDAVWTYDDATKTFTVTEMV,1PGX.pdb_G42A,1PGX.pdb_A27S,37.0,train
MDTYKLILNGKTLKGETTTEAVDAATAEKVFKHAANEHGVHGHWTYDPETKTFTVTE,2ZW1.pdb_Y34A,1PGX.pdb_A27S,35.0,train
LTVHVGNVTYHFDNPEQAEEWAKRMAKKYQGQIHVKDGQFRIE,EEHEE_rd4_0763.pdb,EEHEE_rd4_0005.pdb,1.0,train
DIEITTNGEEDAKRVIKELQKRNLEYHIEVHGNQWVIKVR,EHEE_rd4_0726.pdb,EHEE_rd4_0086.pdb,0.0,test
DTINITLPDGKTLTLTVTPEFTVKELAEEIARRLGLSPEDIKDTHNGKTLDPSLTLAEYGITPGSTITLEIK,2MLB.pdb_L43D,1UBQ.pdb_L67S,11.0,train
ETGKELVLALYDYQEKSPREVTMKKGDILTLLNSTNKDWWKVEVNDRQGFVPAAYVKKL,2LJ3.pdb,2KXD.pdb,998.0,train
EVYKVKIKIERVLPNGEKVEEEITIEVEGMSEEELLALARELAAEPGVRIKEIEIEKLPP,r15_550_TrROS_Hall.pdb,r15_550_TrROS_Hall.pdb,0.0,train
KKKYVIKVYFEDTGKEVEIEAESKEEALEAAKRLAEELGLKIKKVEIYP,r11_951_TrROS_Hall.pdb,r11_951_TrROS_Hall.pdb,0.0,train
EPSQADLDALLSAVRDNRLSIEQAVTLLTPSSGGGSGGGSMDAKEILTRFKDGGLDRAAAQALLAGRTPA,v2R31S|R32S_2N5D.pdb,v2R31S|R32S_2N5D.pdb,1.0,train
AITFRFEGQEKAKKFYEKLMRQNLEATIHIHGDEVHVTVH,EHEE_rd4_0394.pdb,EHEE_rd4_0394.pdb,0.0,test
FDIYVVTADYLPLGAEQDAITLREGQYVEVLDAAHPLRWLVRTKPTKSSPSRQGWVSPAYLDRRL,1V1C.pdb,1V1C.pdb,441.0,test
TGIVNVSSSLNVRSSASTSSKVIGSLSGNTKVTIVGEEGAFYKIEYKGSHGYVAAEYI,2KYB.pdb_K55A,2KT8.pdb_G54S,430.0,train
AEIMKKTDFDKVASEYTKIGTISTTGEMSPLDAREDLIKKADEKGADVVVLTSGQTENKIHGTADIYKKK,2MA4.pdb,2MA4.pdb,38.0,test
VTLFVALYDYEARTEDDLSFHKGEKFQILNSSEGDWWEARSLTTGETGYIPSNYAAPV,1A0N.pdb_V55A,5ECA.pdb_W37A,987.0,train
SYYEILDVPRSASADDIKKAYRRKALQWHPDKNPDNKEFAEKKFKEVAEAYEVLSDKHKREIYDR,2LGW.pdb,6IWS.pdb,1000.0,train
WEITFERNGKRITVRTTDHRLLELFEKLWRNGADERELERLAEEINR,XX|run1_0461_0006.pdb,XX|run1_0461_0006.pdb,0.0,train
SVIRSIIKSSRLEEDRKRYLMTLLDDIKGANDLAKFHQMLVKII,2K9D.pdb,5LXJ.pdb,5.0,train
DEIHIHFNGVTIEFRGLTEEAKKALEEAIKRGASEEELKELARRLIK,GG|run3_1365_0003.pdb,GG|run3_1315_0003.pdb,0.0,train
MDETGKELVLALYDYQEKSPREVTMKKGDILTLLNSTNKDWWKVEVNDRQGFVPAAYVKKL,6SCW.pdb,2KXD.pdb,998.0,train
TTYYDVLGVKPNATQEELKKAYRKLALKYHPDKNPNEGEKFKQISQAYEVLSDAKKREL,2M6Y.pdb,6IWS.pdb,1000.0,train
TYYTVKSGDTLNKIAAQYGVSVANLRSWSGISGDLIFVGQKLIVKKG,2MKX.pdb_N29S,2MKX.pdb_N29S,1000.0,test
LHIEINVNGLRIELHNVSEELAERIREILEKVDDREEARRLAEELIK,XX|run3_1384_0005.pdb,XX|run3_1384_0005.pdb,0.0,train
ATNIVGKVKWYNSTKNAGFIEQDNGGKDVFVHKSAVDAAGLHSLEEGQDVIFDLEEKQGKAYAVNLRIK,2LSS.pdb_F17A,2LSS.pdb_F17A,996.0,test
EKTLKIVADSEEEAEALAKELAEKYNLEVTIERNPEEEGKYVITIKIKP,r11_797_TrROS_Hall.pdb,r11_797_TrROS_Hall.pdb,0.0,train
MTIKVYDPKTGEKILEIEIDPSLTPEQLKALADELRKKLPPGARIEIVP,r11_1081_TrROS_Hall.pdb,r11_1081_TrROS_Hall.pdb,0.0,train
KWTITVQGEEAIKWAIKVAEARNLDYTVHIDGDQAHITIE,EHEE_rd4_0098.pdb,EHEE_rd4_0394.pdb,0.0,test
KTYTFRVRIVDEETGEEKEIEVTAKSEEEAKKAAEELKKKYPNLKVELE,r11_233_TrROS_Hall.pdb,r11_233_TrROS_Hall.pdb,0.0,test
KTVHVDGVEYRFNNPEEADKFVKRLVKEKNGNVEVRGDTYHVE,EEHEE_rd4_0784.pdb,EEHEE_rd4_0005.pdb,1.0,train
MKVTIEENEETGKFTIKVKTEDGEEKTIEIPKENLEEILAKLPPNVEII,r11_569_TrROS_Hall.pdb,r11_569_TrROS_Hall.pdb,0.0,test
KLPPGWEKRMSRSSGRVYYFNHITNASQWERPSGNSSSG,1I6C.pdb,2M8J.pdb,319.0,test
GPREVTMKKGDILTLLNSTNKDWWKVEVNDRQGFVPAAYVKKLDSGTGKELVLALYDYQ,1TUC.pdb,2KXD.pdb,754.0,train
MTYRVRIENADGEVVTIEISADELREKGLTLEELLPPNARIVEVEEVEP,r11_829_TrROS_Hall.pdb,r11_829_TrROS_Hall.pdb,0.0,train
LELTLRVGDKTWHFKDVDEEFVRHLEELLKRGAHEREIEEIIREWLR,EA|run2_0290_0001.pdb,GG|run3_1315_0003.pdb,0.0,train
KLETFPLDVLVNTAAEDLPRGVDPSRKENHLSDEDFKAVFGMTRSAFANLPLWKQQNLKKEKGLF,1YU5.pdb,1YU5.pdb,1000.0,test
TSIVNVSSSLNVRSSASTSSKVIGSLSGNTKVTIVGEEGAFYKIEYKGSHGYVAKEYI,2KYB.pdb_G2S,2KT8.pdb_G54S,432.0,train
LKKVVALYDYMPMNANDLQLRKGDEYFILEESNLPWWRARDKNGQEGYIPSNYVTEAE,1QLY.pdb,5ECA.pdb_W37A,972.0,train
AEKTGIVNVSSSLNVREGASTSSKVIGSLSGNTKVTIVGEEGAFYKIEYKGSHSYVAKEYIKDIKDE,2KT8.pdb_G54S,2KT8.pdb_G54S,436.0,train
AKPPKTVTVKVEVTNADGETQTRTVTLTNLPKDLKPGDTVTLPETGQTARIVEITP,r6_560_TrROS_Hall.pdb,r6_560_TrROS_Hall.pdb,0.0,train
IINNLKLIREKKKISQSELAALLEVSRQTINGIEKNKYNPSLQLALKIAYYLNTPLEDIFQW,2LYQ.pdb,2LYP.pdb_P41A,745.0,test
RYTITVNGEEQMKEAIKYMKKMNLNVEARVENGQFIITAD,EHEE_rd4_0502.pdb,EHEE_rd4_0325.pdb,0.0,test
SPEVQIAILTEQINNLNEHLRVHKKDHHSRRGLLKMVGKRRRLLAYLRNKDVARYREIVEKLG,1A32.pdb,1A32.pdb,762.0,test
KQVQVGDEKYTFDTPEEARKFAEKVAKEKNLKVTEKNGNFHVE,EEHEE_rd3_1615.pdb,EEHEE_rd4_0005.pdb,0.0,train
LSDEDFKAVFGMTRSAFANLPLWKQQHLKKEKGLF,1YRF.pdb,1YU5.pdb,421.0,test
ETFPLDVLVNTAAEDLPRGVDPSRKENFLSDEDFKAVFGMTRSAFANLPLWKQQNLKKEKGLF,3MYC.pdb,1YU5.pdb,1000.0,test
THFTSQQLQELEATFQRNHYPDMSTREEIAVWTNLTEARVRVWFKNRRAKWR,2L7M.pdb,2L7M.pdb,1000.0,train
TFTSYQLEELEKVFQKTHYPDVYAREQLAMRTDLTEARVQVWFQNRRA,2M0C.pdb,2L7M.pdb,1000.0,train
SELMNSSKLIRMLEEDGWRLVRVTGSAHHFKHPKKPGLVTVPHPKKDLPIGTVKSIQKSAGL,4C26.pdb,4C26.pdb,374.0,train
GEDLPLPPGWSVDWTMRGRKYYIDHNTNTTHWSHPLESGPSSG,2YSB.pdb,5AHT.pdb,995.0,test
KELVLALYDYQEKSPREVTMKKGDILTLLNSTNKDWWKVEVNGRQGAVPAAYVKKL,1BK2.pdb_F47A,2KXD.pdb,1000.0,train
MQGVVKVNSALNMRSGPGSNYGVIGTLRNNDKVEIIKEVDGWYEIRFNGKVGSASKSYITIVN,2KRS.pdb_Y53S,2KRS.pdb_Y53S,823.0,train
TTIHVGDLTLKYDNPKKAYEIAKKLAKKYNLTVTIKNGKITVT,EEHEE_rd3_1702.pdb,EEHEE_rd3_1498.pdb,0.0,train
DEEIEKWIETLLKRNISLRVNGKDLEIGSEEFKEWVEKFIKEV,HEEH_KT_rd6_0746.pdb,HEEH_KT_rd6_0746.pdb,0.0,train
FSITQFVRNLGLEHLMDIFEREQITLRVLVEMGHKELKEIGINAYGHREKLIKGVERLI,5JRT.pdb,5JRT.pdb,164.0,train
HRQALGERLYPRVQAMQPAFASKITGMLLELSPAQLLLLLASEDSLRARVDEAMELII,1I2T.pdb,1I2T.pdb,782.0,test
EVPFKVVAQFPYKSDYEDDLNFEKDQEIIVTSVEDAEWYFGEYQDSNGDVIEGIFPKSFVAVQG,1TG0.pdb,1TG0.pdb,223.0,train
SADYSSLTVVQLKDLLTKRNLSVGGLKNELVQRLIKDDEESKGE,4UZW.pdb,4UZW.pdb,27.0,train
SEFQINEQVLASWSDSRFYPAKVTAVNKDGTYTVKFYDGVVQTVKHIHVKA,v2_2LDM.pdb,v2_2LDM.pdb,195.0,train
KSAVKALFDYKAQREDELTFTKSAIIQNVEKQDGGWWRGDYGGKKQLWFPSNYVEEMI,1Y0M.pdb,1Y0M.pdb,967.0,train
MVQRGSKVRILRPESYWFQDVGTVASVDQSGIKYPVIVRFEKVNYSGINTNNFAEDELVEVEA,1QP2.pdb,1PSE.pdb,104.0,train
PPDDERKKAEKAARSGNEEKAREILERLGYSEDEARELAKRLR,HHH_rd2_0155.pdb,HHH_rd1_0598.pdb,0.0,train
TTYYDVLGVKPNATQEELKKAYRKLALKYHPDKNPNEGEKFKQISQAYEVLSDAKKRELYDKGGE,2LO1.pdb,6IWS.pdb,999.0,train
KKKIKIYIENENGEKKTIEIEVEGDIDEIAKELAKKYNVKIVKIEP,r4_412_TrROS_Hall.pdb,r4_412_TrROS_Hall.pdb,0.0,train
AEKTGIVNVSSSLNAREGASTSSKVIGSLSGNTKVTIVGEEGAFYKIEYKGSHGYVAKEYIKDIKDE,2KT8.pdb_V15A,2KT8.pdb_G54S,436.0,train
MVIEDPKTNKLIEVEKLPDGTYKVTIYDKKTGEKKTITMSKKDLEKLLKAL,r3_162_TrROS_Hall.pdb,r3_162_TrROS_Hall.pdb,0.0,test
GTVVVGNTKIKFPNPEKAEQFAKEIAKKLNLTVHTDGNTFTVK,EEHEE_rd3_0809.pdb,EEHEE_rd4_0005.pdb,0.0,train
MVYKIRDKETGKVYEVTIDEETNEITVYDVKTGKPVKTVNMTIEELKEAGYEVEPV,r6_831_TrROS_Hall.pdb,r6_831_TrROS_Hall.pdb,0.0,train
SKDTIRINGIDIDVKDLHEEWKRLVEEALKRGDEELAIELLERALKE,XX|run6_1081_0004.pdb,XX|run6_1081_0004.pdb,0.0,train
MYIVRIEVVNEETGKTEEIELEVSEEEAEELAKELAEKLPNIKEIKVEIRPLPE,r12_757_TrROS_Hall.pdb,r12_757_TrROS_Hall.pdb,0.0,test
MIINNLKLIREKKKISQSELAALLEVSRQTINGIEKNKYNASLQLALKIAYYLNTPLEDIFQWQ,2LYP.pdb_P41A,2LYP.pdb_P41A,527.0,test
HEFRDEISVLKANNPHFDKIFEKHNQLDDDIKTAEQQNASDAEVSHMKKQKLKLKDEIHSMIIEYREK,1ZHC.pdb,1ZHC.pdb,40.0,train
EVIELKIKFKTPEQREKLKEIAKKLNAEVVEEKDGEVIIRFKTPEQAERALKEAEKLGAEVEL,r16_88_TrROS_Hall.pdb,r16_88_TrROS_Hall.pdb,0.0,train
SPEEIKAKALDLLNKKLHRANKFGQDQADIDSLQRQINRVEKFGVDLNSKLAEELGLV,v2_4UZX.pdb,v2_4UZX.pdb,51.0,test
PWSAKENKAFERALAVYDKDTPDRWANVARAVEGRTPEEVKKHYEILVEDIKYI,2CJJ.pdb,2CJJ.pdb,897.0,test
HEITLHINGRRVKLRFRDEKAAEILKEAAKKGLDEEELKKLAEELWR,XX|run5_1034_0004.pdb,EA|run2_0325_0005.pdb,0.0,train
MIINNLKLIREKKKISQSELAALLESSRQTINGIEKNKYNPSLQLALKIAYYLNTPLEDIFQWQ,2LYP.pdb_V26S,2LYP.pdb_P41A,565.0,test
DDVELRDGDWRVELKDADEEILRAVEEAIKNGASEQELRELAERLIR,XX|run7_0974_0003.pdb,EA|run7_1025_0001.pdb,0.0,train
QGDIVVALYPYDGIHPDDLSFKKGEKMKVLEEHGEWWKAKSLLTKKEGFIPSNYVAKLN,6NMW.pdb,2KXD.pdb,731.0,train
SRHTFEINGERWTVEGVSEELKEILRAAERASNDEAERLLRLALKLI,XX|run5_0690_0002.pdb,XX|run5_0690_0002.pdb,0.0,train
GLTEEQKQEIREAFDLFDTDGSGTIDAKELKVAMRALGFEPKKEEIKKMISEIDKDGSGTIDFEEFLTMMTA,2AMI.pdb,2AMI.pdb,1000.0,test
KKIKIKIKVYNPETKEVLELEIEVSEEEAEELAKKLAEELEKKGYKIEEVEI,r18_3_TrROS_Hall.pdb,r12_757_TrROS_Hall.pdb,0.0,test
SRSVIRSIIKSSKLNIDHKDYLLDLLNDVKGSKDLKEFHKMLTAILA,5LXJ.pdb,5LXJ.pdb,6.0,train
MEQATVKWFNAEKGFGFIERENGDDVFVHFSAIQGDGFKSLDEGQAVTFDVEEGQRGPQAANVQKA,2LXK.pdb_G4A,2LSS.pdb_F17A,988.0,test
GQVNVNNTTYTFPTPKLAKEFAQKAAKKYNLTVHVSGNTVTVK,EEHEE_rd3_0657.pdb,EEHEE_rd3_1498.pdb,0.0,train
ELSWTAEAEKMLGKVPFFVRKKVRKNTDNYAREIGEPVVTADVFRKAKEHLG,2KRU.pdb,2KRU.pdb,99.0,test
MTFKAIINGKTLKGETTTEAVDAATAEKVFKQYFNDNGLDGEWTYDDATKTFTVTE,5UCE.pdb,1PGX.pdb_A27S,36.0,train
DTFTFTLDGIEVRLHGASEELIKTIEELLKRDIRWEELEKWIREWEK,GG|run4_0284_0002.pdb,EA|run2_0325_0005.pdb,0.0,train
DAEELIELVERALKEGREIILLGVRITSEEAGKWFIEWIRRFL,HEEH_KT_rd6_3632.pdb,HEEH_KT_rd6_3632.pdb,1.0,train
ALRDDEYDEWQDIIRDWRKEMTVQQFLDLKERALSGASDPDSQRYNAWLELRA,2MXD.pdb,2MXD.pdb,49.0,train
HAATELTPEQAAALKPYDRIVITGRFNAIGDAVSAVSRRADEEGAASFYVVDTSEFGNSGNWRVVADVYKA,2M2J.pdb,2M2J.pdb,22.0,train
LETFPLDVLVNTAAEDLPRGVDPSRKENYLSDEDFKAVFGMTRSAFANLPLWKQQNLKKEKGLF,2RJV.pdb,1YU5.pdb,1000.0,test
RQGFVPAAYVKKLDSGTGKELVLALYDYQEKSPREVTMKKGDILTLLNSTNKDWWKVEVN,1TUD.pdb,2KXD.pdb,374.0,train
SLSVDNKKFWATVESSEHSFEVPIYAETLDEALELAEWQYVPAGFEVTRVRPCVAP,2WNM.pdb,2WNM.pdb,13.0,test
IDVRFTVNGLDVTVRVRTEEIAERVKELAKNGVDWREIQRIAEELNK,XX|run6_1020_0004.pdb,EA|run2_0325_0005.pdb,0.0,train
MKTQEELTEIVRDHFSDMGEAATLYVQVYESSLESLVGGVIFEDGRHYTFVYENEDLVYE,2M7O.pdb_I21A,2M7O.pdb_I21A,29.0,train
DRHTIHIGDITIHLEGFSEEELKLAEELIKRGIHLEEVKRILEELYR,EA|run7_1572_0002.pdb,XX|run10_1081_0004.pdb,0.0,test
AFSSEQLARLKREFNENRYLTERRRQQLSSELGLNEAQIKIWFQNKRA,1ENH.pdb,2JWT.pdb,1000.0,train
PDDEWKERLREAEEKNNWKLFEELARKAGVSEEKIEEWKRRWS,HHH_rd1_0606.pdb,HHH_rd1_0606.pdb,0.0,train
VTLFVASYDYEARTEDDLSFHKGEKFQILNSSEGDWWEARSLTTGETGYIPSNYVAPV,1A0N.pdb_L7S,5ECA.pdb_W37A,989.0,train
PEEVRRLVEELYRKGVSPEQVKKILKKQGIDEREIEKVLRRIG,HHH_rd4_0557.pdb,HHH_rd4_0124.pdb,1.0,test
ENVVSAPMPGKVLRVLVRVGDRVRVGQGLLVLEAMKMENEIPSPRDGVVKRILVKEGEIDDTGQPLIELG,5GU9.pdb_V60D,5GU9.pdb_V60D,1000.0,train
MIFPGATVRVTNVDDTYYRFEGLVQRVSDGKAAVLFENGNWDKLVTFRLSELEAVK,2JZ2.pdb,2JZ2.pdb,65.0,train
GKELVLALYDYQEKSPREVTMKKGDILTLLNSTNKDWWKVEVKATANDKTYERQGFVPAAYVKKL,2KR3.pdb,2KXD.pdb,650.0,train
WIARINAAVRAYGLNYSTFINGLKKAGIELDRKILADMAVRDPQAFEQVVNKVKEALQV,1GYZ.pdb,1GYZ.pdb,558.0,train
YFQGQLNAMAHQIQEMFPQVPYHLVLQDLQLTRSVEITTDNILEGRI,4G3O.pdb,4G3O.pdb,190.0,train
NQESVVAAVLIPINTALTVGMMTTRVVSPTGAPAEDIPRLISMQVNQVVPMGTTLMPDMVKGYAP,2LX2.pdb_I32A,2LX2.pdb_I32A,6.0,train
EPELVFKVRVRTKDGRELEIEVSAEDLEKLLEALPDIEEVEIEEVEP,r10_437_TrROS_Hall.pdb,r10_437_TrROS_Hall.pdb,0.0,train
SEEKKKAKERLERLGASSELARELLDRANGNAEKAERLLRKLL,HHH_rd1_0949.pdb,HHH_rd1_0949.pdb,0.0,train
MLYVKVKTEDGEELVLEVEGMTEDEIREELAKAGFKIEEIEVYEVEP,r10_572_TrROS_Hall.pdb,r10_572_TrROS_Hall.pdb,0.0,train
ATNIVSKVKWYNSTKNFGFIEQDNGGKDVFVHKSAVDAAGLHSLEEGQDVIFDLEEKQGKAYAVNLRIK,2LSS.pdb_G6S,2LSS.pdb_F17A,993.0,test
SEEEEEEWRRAKERGEEIIILGILWKPNDEEAERRIKEALRRV,HEEH_KT_rd6_0790.pdb,HEEH_KT_rd6_0790.pdb,0.0,train
KEPPYVSSLRIEIPADIAANEALKVRLLETEGVKEVLIAEEEHSAYVKIDSKVTNRFEVEQAIRQALE,2RU9.pdb,2RU9.pdb,19.0,train
DIIVVALYDYEAIHHEDLSFQKGDQMVVLEESGEWWKARSLATRKEGYIPSNYVARVDS,4HCK.pdb,2KXD.pdb,925.0,train
LTVQLGNLEWHFDNPEQALKMAEELAKRYQLKVEIDNGTLKFK,EEHEE_rd4_0256.pdb,EEHEE_rd3_1498.pdb,0.0,train
VGDQVLEIVPSNEEQIKNLLQLEAQEHLQLDFWKSPTTPGETAHVRVPFVNVQAVKVFLESQGIAYSIMIED,1O6X.pdb,1O6X.pdb,116.0,train
TFEVERIVRKKIVHGNTSYLVKWKNYSSKDNTWETEDDIRTKYGDLVDDFEK,2M2L.pdb,2M2L.pdb,413.0,test
TTITITINGEELRIRGDHEEIHKILKAWEEDHNDEEIVRLIRELAER,XX|run8_0733_0006.pdb,XX|run1_0367_0004.pdb,0.0,train
RYTFRTRGPEQMKRVVEWARRQNLSYRVEVHGDEYIIHAE,EHEE_rd4_0044.pdb,EHEE_rd4_0086.pdb,0.0,test
SEEELEEFAKEVLRRGITIIVNGIRITEVEIFVKVLREILEKR,HEEH_KT_rd6_1415.pdb,HEEH_KT_rd6_1415.pdb,0.0,train
GSPLAQQIKNIHSFIHQAKAAGRMDEVRTLQENLHQLMHEYFQQ,3V1A.pdb,3V1A.pdb,39.0,train
ETQAGIKEEIRRQEFLLNSLHRDLQGGIKDLSKEERLWEVQRILTALKRKLR,2KWH.pdb,2KWH.pdb,139.0,train
MEQGTVKWFNAEKGSGFIERENGDDVFVHFSAIQGDGFKSLDEGQAVTFDVEEGQRGPQAANVQKA,2LXK.pdb_F15S,2LSS.pdb_F17A,990.0,test
HDTTVHINGLRIEVHGASEEILKWIEEAARRGVEAEEIKRWVEEALK,XX|run8_1098_0003.pdb,XX|run10_1081_0004.pdb,0.0,test
MNLTVNGKPSTVDGAESLNVTELLSALKVAQAEYVTVELNGEVLEREAFDATTVKDGDAVEFLY,2K5P.pdb,2K5P.pdb,39.0,train
DDWEIHFNNITIRLHGVSEEQIEELKELIKNGAHEEELRKWAEEVNR,XX|run8_1063_0003.pdb,EA|run2_0325_0005.pdb,0.0,train
ITIHLHDGTLHIELTGIDEHTAEIIRELLKRGVDIREIAKIARELLR,EA|run6_0680_0006.pdb,EA|run6_0680_0006.pdb,0.0,train
TYYTVKSGDTANKIAAQYGVSVANLRSWNGISGDLIFVGQKLIVKKG,2MKX.pdb_L11A,2MKX.pdb_N29S,1000.0,test
QEELVKAFKALLKEEKFSSQGEIVAALQEQGFDNINQSKVSRMLTKFGAVRTRNAKMEMVYCLPAELGV,1AOY.pdb,1AOY.pdb,39.0,train
GATAVSEWTEYKTADGKTYYYNNRTLESTFEKPQELK,2MWB.pdb,1E0L.pdb,322.0,train
DYEVGESVTVMDGPFATLPATISEVNAEQQKLKVLVSIFGRETPVELTFGQVSKI,2MI6.pdb,2MI6.pdb,889.0,train
HDVTIHAGDKTIHVHGASEEFLRIIEQAKRDGIHEEELLRLIEELVK,EA|run3_0321_0005.pdb,EA|run2_0325_0005.pdb,0.0,train
VDNKFNKEQQNAFYEILHLPNLNEEQRNAFIQSLKDDPSQSANLLAEAKKLNDAQA,v2_2M5A.pdb,v2_2M5A.pdb,50.0,test
GLPEGWEMRFTVDGIPYFVDHNRRTTTYIDPRTG,2YSF.pdb,5AHT.pdb,1000.0,test
YKIYPYDSLIVTNSISVKLPKDVDRTRLERHLSPEEFQEVFGMSIEEFDRLALWKRNDLKKKALLF,v2R14S|R16S_2L3X.pdb,v2R14S|R16S_2L3X.pdb,899.0,train
TIEDAIKKLLKLAQKGQPYTFGDFTVTSEEEAKKLAKWLKKQL,HEEH_rd3_0055.pdb,HEEH_rd3_0055.pdb,0.0,train
QRITLKDYAMRFGQTKTAKDLGVYQSAINKAIHAGRKIFLTINADGSVYAEEVKDGEVKPFPS,1ORC.pdb,1ORC.pdb,69.0,train
ELREAFRLYDKEGNGYISTDVMREILAELDETLSSEDLDAMIDEIDADGSGTVDFEEFMGVMT,2K2A.pdb,2AMI.pdb,1000.0,test
FAVESIRKKRVRKGKVEYLVKWKGWPPKYSTWEPEEHILDPRLVMAYEE,2K1B.pdb,2M2L.pdb,996.0,test
SEEELIEKAEKLRKEFEFIWNGIRFIIRENADEIRRFEELLKE,HEEH_KT_rd6_0872.pdb,HEEH_KT_rd6_0872.pdb,0.0,test
MLEGKVKWFNSEKGFGFIEVEGQDDVFVHFSAIQGEGFKTLEEGQAVSAEIVEGNRGPQAANVTKEA,1CSQ.pdb_F49A,2LSS.pdb_F17A,979.0,test
KMTIRVKGKELARRIAKEMKDRNLKVEIHEHGDEVILEIE,EHEE_rd4_0840.pdb,EHEE_rd4_0394.pdb,0.0,test
SEYETMLTEIMSMGYERERVVAALRASYNNPHRAVEYLLTGIPG,1IFY.pdb,1IFY.pdb,475.0,train
GTIHLDHNGNTVRLTGLSEEILKIAEELLRRGASAEEVLKFIEEARK,GG|run4_1050_0002.pdb,XX|run10_1081_0004.pdb,0.0,test
AVAESVIGKRVGDDGKTIEYLVKWTDMSDATWEPQDNVDSTLVLLYQQ,2N88.pdb,2N88.pdb,42.0,train
SEEDKEREHWERLNRDFELRVLDTTFIAHHAEEVIKLLRWLEK,HEEH_KT_rd6_3546.pdb,HEEH_KT_rd6_3546.pdb,0.0,test
AIERGSKVKILRKESYWYGDVGTVASIDKSGIIYPVIVRFNKVNYNGFSGSAGGLNTNNFAEHELEVV,1PSE.pdb,1PSE.pdb,98.0,train
ADDEVAKLLVDAYRKNDEDKLEEVKKRYNISDEQVKRLIRKVL,HHH_rd4_0676.pdb,HHH_rd4_0676.pdb,0.0,train
EVTIKANLIFANGSTQTAEFKGTFEKATSEAYAYADTLKKDNGEYTVDVADKGYTLNAKFAG,2PTL.pdb_I58A,2PTL.pdb_L38S,12.0,test
VPQRAWTVEQLRSEQLPKKDIIKFLQEHGSDSFLAEHKLLGNIKNVAKTANKDHLVTAYNHLFETKRFK,2KFV.pdb,2KFV.pdb,74.0,test
DETGKFLVLALYDYQEKSPREVTAKKGDILTLLNSTNKDWWKVEVNGRQGFVPAAYVKFL,5FWB.pdb_M24A,2KXD.pdb,1000.0,train
MLEGKVKWSNSEKGFGFIEVEGQDDVFVHFSAIQGEGFKTLEEGQAVSFEIVEGNRGPQAANVTKEA,1CSQ.pdb_F9S,2LSS.pdb_F17A,995.0,test
KEMRNAYWEIALLPNLNNQQKRAFIRSLYDDPSQSANLLAEAKKLNDAQA,2KZJ.pdb,v2_2M5A.pdb,42.0,test
SISSRVKSKRIQLGLNQAELAQKVGTTQQSIEQLENGKTKRPRFLPELASALGVSVDWLLN,1R69.pdb,1R69.pdb,372.0,test
EFTQISGYVNAFGSQRGSVLTVKVENDEGWTLVEEDFDRADYGSDPEFVAEVSSYLKRNGGIKDLTKVL,2MC5.pdb,2MC5.pdb,1.0,train
SEIVKHAEEALERGEFVRIEHNGRVIEIRNEEALEELRRWVEK,HEEH_KT_rd6_0280.pdb,HEEH_KT_rd6_0280.pdb,0.0,train
AVSDRLIGRKGVVMEAISPQNSALVKVDGETWRATSGTVLDVGEEVSVKAIEGVKLVVEKLE,2K5H.pdb_G23A,2K5H.pdb_G11S,152.0,test
GQVHVGDTTYHFPNPEEARKFAEKAAKENNLQVTQHGNTFKVE,EEHEE_rd3_0019.pdb,EEHEE_rd4_0005.pdb,0.0,train
TIDEIIKALEQAVKDNKPIQVGNYTVTSADEAEKLAKKLKKEY,HEEH_rd3_0223.pdb,HEEH_rd3_0055.pdb,0.0,train
RITITTHGKEQAMKAMKKMQAQNLEVHVRVENGQWVITAD,EHEE_rd4_0625.pdb,EHEE_rd4_0086.pdb,0.0,test
TGYYDVLGVKPDASDNELKKAYRKMALKFHPDKNPDGAEQFKQISQAYEVLSDEKKRQIYDQ,2OCH.pdb,6IWS.pdb,1000.0,train
GATAVSEWTEYKTADGKTLYYNNRTLESTWEKPQELK,2MWA.pdb,1E0L.pdb,380.0,train
AVTGSQTALLLRAFEKDRFPGIAAREELARETGLPESRIQIWFQNRR,5Z2S.pdb,2L7M.pdb,1000.0,train
RVQYHVEGTEAAIQFLREVKAQNLEVHVERKGDKYIIHVD,EHEE_rd4_0877.pdb,EHEE_rd4_0463.pdb,0.0,train
TEEVEKIVRELQKRGVSQEEIQRILKRNGIDPRDVEHVVRRLR,HHH_rd4_0124.pdb,HHH_rd4_0124.pdb,0.0,test
TEVDLHLGDITIKLKDVSEEIVKRAKELFKNGWSAEFVKKWIEEAVK,EA|run5_0050_0004.pdb,EA|run2_0325_0005.pdb,0.0,train
LTVEVTLDGRRIELHGLSEEAHEILRHALERNADDKEIKKILEELRK,GG|run4_0467_0002.pdb,XX|run10_1081_0004.pdb,0.0,test
PTIVLKVSPEELKALEKAGVEIEKIEKNEDGELYITLTPEALKKAGFE,r7_587_TrROS_Hall.pdb,r7_587_TrROS_Hall.pdb,0.0,test
MTVRVDGVDYEFSSLEEAVRFALKMAKSKGAEVQLHNGTFHVE,EEHEE_rd4_0470.pdb,EEHEE_rd3_1498.pdb,1.0,train
PAHPYDRLKTTSTDPVSDIDVTRREAYLSSEEFKEKFGMTKEAFYKLPKWKQNKFKMAVQLF,5VNT.pdb,1YU5.pdb,399.0,test
SFNTVDEWLEAIKMGQYKESFANAGFTSFDVVSQMMMEDILRVGVTLAGHQKKILNSIQVMRAQMN,1F0M.pdb,1F0M.pdb,782.0,train
NKFNKELQWATWEILNLPNLNEEQVKAFIDSLKDDPSQSANLLAEAKKLNDAQA,2B88.pdb_pross4,v2_2M5A.pdb,42.0,test
NLYFQGLKYMVPGARVTRGLDWKWRDQDGSPQGEGTVTGELHNGWIDVTWDAGGSNSYRMGAEGKFDLKLAP,3DKM.pdb,3DKM.pdb,902.0,test
YNLQKLLAPYHKAKTLERQVYELEKLQEKLPEKYKAEYKKKLDQTRVELADQVKS,2LHR.pdb,2LHR.pdb,14.0,train
GATAVSEWTEYKTADGKTYYYNNRTDESTWEKPQELK,2N4R.pdb,1E0L.pdb,595.0,train
EETYEVDGEEQLKKVEKMLRDRNLDVEVEIHNGKFVIRAK,EHEE_rd4_0864.pdb,EHEE_rd4_0086.pdb,0.0,test
MQGVVKVNSALNMRSGPGSNYGVIGTLRNNDKVEIIKEVDGAYEIRFNGKVGYASKSYITIVN,2KRS.pdb_W42A,2KRS.pdb_Y53S,553.0,train
SIEEEIKKAEEAKEKGKTFIHGDFVATTEELLDELLKRLRKKL,HEEH_KT_rd6_0007.pdb,HEEH_KT_rd6_0007.pdb,0.0,train
SEIVVAMYDFQATEAHDLRLERGQEYIILEKNDLHWWRARDKYGSEGYIPSNYVTGKK,1GL5.pdb,5ECA.pdb_W37A,884.0,train
DHWEIRVGDITIHLKDVDEEIIRWVEEALRNGDDLEEIKRWVEEVLR,XX|run1_0455_0002.pdb,EA|run2_0325_0005.pdb,0.0,train
PEDLERKVRELQKNGVSPEQIEKILRRDGVDEREVQELVKKVS,HHH_rd4_0613.pdb,HHH_rd4_0124.pdb,0.0,test
ENVVSAPMPGKVLRVLVRVGDRVRVGQGLLVLEAMKMENEIPSPRDGVVKRILVKEGEIVDTGQPKIELG,5GU9.pdb_L66K,5GU9.pdb_V60D,1000.0,train
KELVSALYDYQEKSPREVTMKKGDILTLLNSTNKDWWKVEVNGRQGFVPAAYVKKL,1BK2.pdb_L5S,2KXD.pdb,1000.0,train
GTLIVGDIKITVPTADAAKKLAQKFAELYNLSIIQDGNTYKLT,EEHEE_rd3_1818.pdb,EEHEE_rd3_1818.pdb,0.0,train
